<?xml version="1.0" encoding="UTF-8" ?>
<extension type="package" version="3.5" method="upgrade">
  <name>Russian (ru-RU) Language Pack</name>
  <packagename>ru-RU</packagename>
  <version>3.5.0.6</version>
  <creationDate>2016-04-01</creationDate>
  <author>Russian Translation Team</author>
  <authorEmail>smart@joomlaportal.ru</authorEmail>
  <authorUrl>www.joomlaportal.ru</authorUrl>
  <description>Russian (ru-RU) language pack for Joomla</description>
  <files>
    <folder type="language" client="site" id="ru-RU">site_ru-RU</folder>
    <folder type="language" client="administrator" id="ru-RU">admin_ru-RU</folder>
  </files>
  <updateservers>
    <server type="collection" priority="1" name="Accredited Joomla! Translations">http://update.joomla.org/language/translationlist_3.xml</server>
  </updateservers>
</extension>
